AREA,AREA_TITLE,GeoFIPS,GeoName,match_rule
10180,"Abilene, TX",10180,"Abilene, TX (Metropolitan Statistical Area)",exact_AREA_eq_GeoFIPS
10420,"Akron, OH",10420,"Akron, OH (Metropolitan Statistical Area)",exact_AREA_eq_GeoFIPS
10500,"Albany, GA",10500,"Albany, GA (Metropolitan Statistical Area)",exact_AREA_eq_GeoFIPS
10540,"Albany, OR",10540,"Albany, OR (Metropolitan Statistical Area)",exact_AREA_eq_GeoFIPS
10580,"Albany-Schenectady-Troy, NY",10580,"Albany-Schenectady-Troy, NY (Metropolitan Statistical Area)",exact_AREA_eq_GeoFIPS
10740,"Albuquerque, NM",10740,"Albuquerque, NM (Metropolitan Statistical Area)",exact_AREA_eq_GeoFIPS
10780,"Alexandria, LA",10780,"Alexandria, LA (Metropolitan Statistical Area)",exact_AREA_eq_GeoFIPS
10900,"Allentown-Bethlehem-Easton, PA-NJ",10900,"Allentown-Bethlehem-Easton, PA-NJ (Metropolitan Statistical Area)",exact_AREA_eq_GeoFIPS
11020,"Altoona, PA",11020,"Altoona, PA (Metropolitan Statistical Area)",exact_AREA_eq_GeoFIPS
11100,"Amarillo, TX",11100,"Amarillo, TX (Metropolitan Statistical Area)",exact_AREA_eq_GeoFIPS
11180,"Ames, IA",11180,"Ames, IA (Metropolitan Statistical Area)",exact_AREA_eq_GeoFIPS
11200,"Amherst Town-Northampton, MA",11200,"Amherst Town-Northampton, MA (Metropolitan Statistical Area)",exact_AREA_eq_GeoFIPS
11260,"Anchorage, AK",11260,"Anchorage, AK (Metropolitan Statistical Area)",exact_AREA_eq_GeoFIPS
11460,"Ann Arbor, MI",11460,"Ann Arbor, MI (Metropolitan Statistical Area)",exact_AREA_eq_GeoFIPS
11500,"Anniston-Oxford, AL",11500,"Anniston-Oxford, AL (Metropolitan Statistical Area)",exact_AREA_eq_GeoFIPS
11540,"Appleton, WI",11540,"Appleton, WI (Metropolitan Statistical Area)",exact_AREA_eq_GeoFIPS
11700,"Asheville, NC",11700,"Asheville, NC (Metropolitan Statistical Area)",exact_AREA_eq_GeoFIPS
12020,"Athens-Clarke County, GA",12020,"Athens-Clarke County, GA (Metropolitan Statistical Area)",exact_AREA_eq_GeoFIPS
12060,"Atlanta-Sandy Springs-Roswell, GA",12060,"Atlanta-Sandy Springs-Roswell, GA (Metropolitan Statistical Area)",exact_AREA_eq_GeoFIPS
12100,"Atlantic City-Hammonton, NJ",12100,"Atlantic City-Hammonton, NJ (Metropolitan Statistical Area)",exact_AREA_eq_GeoFIPS
12220,"Auburn-Opelika, AL",12220,"Auburn-Opelika, AL (Metropolitan Statistical Area)",exact_AREA_eq_GeoFIPS
12260,"Augusta-Richmond County, GA-SC",12260,"Augusta-Richmond County, GA-SC (Metropolitan Statistical Area)",exact_AREA_eq_GeoFIPS
12420,"Austin-Round Rock-San Marcos, TX",12420,"Austin-Round Rock-San Marcos, TX (Metropolitan Statistical Area)",exact_AREA_eq_GeoFIPS
12540,"Bakersfield-Delano, CA",12540,"Bakersfield-Delano, CA (Metropolitan Statistical Area)",exact_AREA_eq_GeoFIPS
12580,"Baltimore-Columbia-Towson, MD",12580,"Baltimore-Columbia-Towson, MD (Metropolitan Statistical Area)",exact_AREA_eq_GeoFIPS
12620,"Bangor, ME",12620,"Bangor, ME (Metropolitan Statistical Area)",exact_AREA_eq_GeoFIPS
12700,"Barnstable Town, MA",12700,"Barnstable Town, MA (Metropolitan Statistical Area)",exact_AREA_eq_GeoFIPS
12940,"Baton Rouge, LA",12940,"Baton Rouge, LA (Metropolitan Statistical Area)",exact_AREA_eq_GeoFIPS
12980,"Battle Creek, MI",12980,"Battle Creek, MI (Metropolitan Statistical Area)",exact_AREA_eq_GeoFIPS
13020,"Bay City, MI",13020,"Bay City, MI (Metropolitan Statistical Area)",exact_AREA_eq_GeoFIPS
13140,"Beaumont-Port Arthur, TX",13140,"Beaumont-Port Arthur, TX (Metropolitan Statistical Area)",exact_AREA_eq_GeoFIPS
13220,"Beckley, WV",13220,"Beckley, WV (Metropolitan Statistical Area)",exact_AREA_eq_GeoFIPS
13380,"Bellingham, WA",13380,"Bellingham, WA (Metropolitan Statistical Area)",exact_AREA_eq_GeoFIPS
13460,"Bend, OR",13460,"Bend, OR (Metropolitan Statistical Area)",exact_AREA_eq_GeoFIPS
13740,"Billings, MT",13740,"Billings, MT (Metropolitan Statistical Area)",exact_AREA_eq_GeoFIPS
13780,"Binghamton, NY",13780,"Binghamton, NY (Metropolitan Statistical Area)",exact_AREA_eq_GeoFIPS
13820,"Birmingham, AL",13820,"Birmingham, AL (Metropolitan Statistical Area)",exact_AREA_eq_GeoFIPS
13900,"Bismarck, ND",13900,"Bismarck, ND (Metropolitan Statistical Area)",exact_AREA_eq_GeoFIPS
13980,"Blacksburg-Christiansburg-Radford, VA",13980,"Blacksburg-Christiansburg-Radford, VA (Metropolitan Statistical Area)",exact_AREA_eq_GeoFIPS
14010,"Bloomington, IL",14010,"Bloomington, IL (Metropolitan Statistical Area)",exact_AREA_eq_GeoFIPS
14020,"Bloomington, IN",14020,"Bloomington, IN (Metropolitan Statistical Area)",exact_AREA_eq_GeoFIPS
14260,"Boise City, ID",14260,"Boise City, ID (Metropolitan Statistical Area)",exact_AREA_eq_GeoFIPS
14460,"Boston-Cambridge-Newton, MA-NH",14460,"Boston-Cambridge-Newton, MA-NH (Metropolitan Statistical Area)",exact_AREA_eq_GeoFIPS
14500,"Boulder, CO",14500,"Boulder, CO (Metropolitan Statistical Area)",exact_AREA_eq_GeoFIPS
14540,"Bowling Green, KY",14540,"Bowling Green, KY (Metropolitan Statistical Area)",exact_AREA_eq_GeoFIPS
14580,"Bozeman, MT",14580,"Bozeman, MT (Metropolitan Statistical Area)",exact_AREA_eq_GeoFIPS
14740,"Bremerton-Silverdale-Port Orchard, WA",14740,"Bremerton-Silverdale-Port Orchard, WA (Metropolitan Statistical Area)",exact_AREA_eq_GeoFIPS
14860,"Bridgeport-Stamford-Danbury, CT",14860,"Bridgeport-Stamford-Danbury, CT Metropolitan Statistical Area",exact_AREA_eq_GeoFIPS
15180,"Brownsville-Harlingen, TX",15180,"Brownsville-Harlingen, TX (Metropolitan Statistical Area)",exact_AREA_eq_GeoFIPS
15260,"Brunswick-St. Simons, GA",15260,"Brunswick-St. Simons, GA (Metropolitan Statistical Area)",exact_AREA_eq_GeoFIPS
15380,"Buffalo-Cheektowaga, NY",15380,"Buffalo-Cheektowaga, NY (Metropolitan Statistical Area)",exact_AREA_eq_GeoFIPS
15500,"Burlington, NC",15500,"Burlington, NC (Metropolitan Statistical Area)",exact_AREA_eq_GeoFIPS
15540,"Burlington-South Burlington, VT",15540,"Burlington-South Burlington, VT (Metropolitan Statistical Area)",exact_AREA_eq_GeoFIPS
15940,"Canton-Massillon, OH",15940,"Canton-Massillon, OH (Metropolitan Statistical Area)",exact_AREA_eq_GeoFIPS
15980,"Cape Coral-Fort Myers, FL",15980,"Cape Coral-Fort Myers, FL (Metropolitan Statistical Area)",exact_AREA_eq_GeoFIPS
16020,"Cape Girardeau, MO-IL",16020,"Cape Girardeau, MO-IL (Metropolitan Statistical Area)",exact_AREA_eq_GeoFIPS
16180,"Carson City, NV",16180,"Carson City, NV (Metropolitan Statistical Area)",exact_AREA_eq_GeoFIPS
16220,"Casper, WY",16220,"Casper, WY (Metropolitan Statistical Area)",exact_AREA_eq_GeoFIPS
16300,"Cedar Rapids, IA",16300,"Cedar Rapids, IA (Metropolitan Statistical Area)",exact_AREA_eq_GeoFIPS
16540,"Chambersburg, PA",16540,"Chambersburg, PA (Metropolitan Statistical Area)",exact_AREA_eq_GeoFIPS
16580,"Champaign-Urbana, IL",16580,"Champaign-Urbana, IL (Metropolitan Statistical Area)",exact_AREA_eq_GeoFIPS
16620,"Charleston, WV",16620,"Charleston, WV (Metropolitan Statistical Area)",exact_AREA_eq_GeoFIPS
16700,"Charleston-North Charleston, SC",16700,"Charleston-North Charleston, SC (Metropolitan Statistical Area)",exact_AREA_eq_GeoFIPS
16740,"Charlotte-Concord-Gastonia, NC-SC",16740,"Charlotte-Concord-Gastonia, NC-SC (Metropolitan Statistical Area)",exact_AREA_eq_GeoFIPS
16820,"Charlottesville, VA",16820,"Charlottesville, VA (Metropolitan Statistical Area)",exact_AREA_eq_GeoFIPS
16860,"Chattanooga, TN-GA",16860,"Chattanooga, TN-GA (Metropolitan Statistical Area)",exact_AREA_eq_GeoFIPS
16940,"Cheyenne, WY",16940,"Cheyenne, WY (Metropolitan Statistical Area)",exact_AREA_eq_GeoFIPS
16980,"Chicago-Naperville-Elgin, IL-IN",16980,"Chicago-Naperville-Elgin, IL-IN (Metropolitan Statistical Area)",exact_AREA_eq_GeoFIPS
17020,"Chico, CA",17020,"Chico, CA (Metropolitan Statistical Area)",exact_AREA_eq_GeoFIPS
17140,"Cincinnati, OH-KY-IN",17140,"Cincinnati, OH-KY-IN (Metropolitan Statistical Area)",exact_AREA_eq_GeoFIPS
17300,"Clarksville, TN-KY",17300,"Clarksville, TN-KY (Metropolitan Statistical Area)",exact_AREA_eq_GeoFIPS
17410,"Cleveland, OH",17410,"Cleveland, OH (Metropolitan Statistical Area)",exact_AREA_eq_GeoFIPS
17420,"Cleveland, TN",17420,"Cleveland, TN (Metropolitan Statistical Area)",exact_AREA_eq_GeoFIPS
17660,"Coeur d'Alene, ID",17660,"Coeur d'Alene, ID (Metropolitan Statistical Area)",exact_AREA_eq_GeoFIPS
17780,"College Station-Bryan, TX",17780,"College Station-Bryan, TX (Metropolitan Statistical Area)",exact_AREA_eq_GeoFIPS
17820,"Colorado Springs, CO",17820,"Colorado Springs, CO (Metropolitan Statistical Area)",exact_AREA_eq_GeoFIPS
17860,"Columbia, MO",17860,"Columbia, MO (Metropolitan Statistical Area)",exact_AREA_eq_GeoFIPS
17900,"Columbia, SC",17900,"Columbia, SC (Metropolitan Statistical Area)",exact_AREA_eq_GeoFIPS
17980,"Columbus, GA-AL",17980,"Columbus, GA-AL (Metropolitan Statistical Area)",exact_AREA_eq_GeoFIPS
18020,"Columbus, IN",18020,"Columbus, IN (Metropolitan Statistical Area)",exact_AREA_eq_GeoFIPS
18140,"Columbus, OH",18140,"Columbus, OH (Metropolitan Statistical Area)",exact_AREA_eq_GeoFIPS
18580,"Corpus Christi, TX",18580,"Corpus Christi, TX (Metropolitan Statistical Area)",exact_AREA_eq_GeoFIPS
18700,"Corvallis, OR",18700,"Corvallis, OR (Metropolitan Statistical Area)",exact_AREA_eq_GeoFIPS
18880,"Crestview-Fort Walton Beach-Destin, FL",18880,"Crestview-Fort Walton Beach-Destin, FL (Metropolitan Statistical Area)",exact_AREA_eq_GeoFIPS
19100,"Dallas-Fort Worth-Arlington, TX",19100,"Dallas-Fort Worth-Arlington, TX (Metropolitan Statistical Area)",exact_AREA_eq_GeoFIPS
19140,"Dalton, GA",19140,"Dalton, GA (Metropolitan Statistical Area)",exact_AREA_eq_GeoFIPS
19300,"Daphne-Fairhope-Foley, AL",19300,"Daphne-Fairhope-Foley, AL (Metropolitan Statistical Area)",exact_AREA_eq_GeoFIPS
19340,"Davenport-Moline-Rock Island, IA-IL",19340,"Davenport-Moline-Rock Island, IA-IL (Metropolitan Statistical Area)",exact_AREA_eq_GeoFIPS
19430,"Dayton-Kettering-Beavercreek, OH",19430,"Dayton-Kettering-Beavercreek, OH (Metropolitan Statistical Area)",exact_AREA_eq_GeoFIPS
19460,"Decatur, AL",19460,"Decatur, AL (Metropolitan Statistical Area)",exact_AREA_eq_GeoFIPS
19500,"Decatur, IL",19500,"Decatur, IL (Metropolitan Statistical Area)",exact_AREA_eq_GeoFIPS
19660,"Deltona-Daytona Beach-Ormond Beach, FL",19660,"Deltona-Daytona Beach-Ormond Beach, FL (Metropolitan Statistical Area)",exact_AREA_eq_GeoFIPS
19740,"Denver-Aurora-Centennial, CO",19740,"Denver-Aurora-Centennial, CO (Metropolitan Statistical Area)",exact_AREA_eq_GeoFIPS
19780,"Des Moines-West Des Moines, IA",19780,"Des Moines-West Des Moines, IA (Metropolitan Statistical Area)",exact_AREA_eq_GeoFIPS
19820,"Detroit-Warren-Dearborn, MI",19820,"Detroit-Warren-Dearborn, MI (Metropolitan Statistical Area)",exact_AREA_eq_GeoFIPS
20020,"Dothan, AL",20020,"Dothan, AL (Metropolitan Statistical Area)",exact_AREA_eq_GeoFIPS
20100,"Dover, DE",20100,"Dover, DE (Metropolitan Statistical Area)",exact_AREA_eq_GeoFIPS
20220,"Dubuque, IA",20220,"Dubuque, IA (Metropolitan Statistical Area)",exact_AREA_eq_GeoFIPS
20260,"Duluth, MN-WI",20260,"Duluth, MN-WI (Metropolitan Statistical Area)",exact_AREA_eq_GeoFIPS
20500,"Durham-Chapel Hill, NC",20500,"Durham-Chapel Hill, NC (Metropolitan Statistical Area)",exact_AREA_eq_GeoFIPS
20580,"Eagle Pass, TX",20580,"Eagle Pass, TX (Metropolitan Statistical Area)",exact_AREA_eq_GeoFIPS
20740,"Eau Claire, WI",20740,"Eau Claire, WI (Metropolitan Statistical Area)",exact_AREA_eq_GeoFIPS
20940,"El Centro, CA",20940,"El Centro, CA (Metropolitan Statistical Area)",exact_AREA_eq_GeoFIPS
21060,"Elizabethtown, KY",21060,"Elizabethtown, KY (Metropolitan Statistical Area)",exact_AREA_eq_GeoFIPS
21140,"Elkhart-Goshen, IN",21140,"Elkhart-Goshen, IN (Metropolitan Statistical Area)",exact_AREA_eq_GeoFIPS
21300,"Elmira, NY",21300,"Elmira, NY (Metropolitan Statistical Area)",exact_AREA_eq_GeoFIPS
21340,"El Paso, TX",21340,"El Paso, TX (Metropolitan Statistical Area)",exact_AREA_eq_GeoFIPS
21420,"Enid, OK",21420,"Enid, OK (Metropolitan Statistical Area) *",exact_AREA_eq_GeoFIPS
21500,"Erie, PA",21500,"Erie, PA (Metropolitan Statistical Area)",exact_AREA_eq_GeoFIPS
21660,"Eugene-Springfield, OR",21660,"Eugene-Springfield, OR (Metropolitan Statistical Area)",exact_AREA_eq_GeoFIPS
21780,"Evansville, IN",21780,"Evansville, IN (Metropolitan Statistical Area)",exact_AREA_eq_GeoFIPS
21820,"Fairbanks-College, AK",21820,"Fairbanks-College, AK (Metropolitan Statistical Area)",exact_AREA_eq_GeoFIPS
22020,"Fargo, ND-MN",22020,"Fargo, ND-MN (Metropolitan Statistical Area)",exact_AREA_eq_GeoFIPS
22140,"Farmington, NM",22140,"Farmington, NM (Metropolitan Statistical Area)",exact_AREA_eq_GeoFIPS
22180,"Fayetteville, NC",22180,"Fayetteville, NC (Metropolitan Statistical Area)",exact_AREA_eq_GeoFIPS
22220,"Fayetteville-Springdale-Rogers, AR",22220,"Fayetteville-Springdale-Rogers, AR (Metropolitan Statistical Area)",exact_AREA_eq_GeoFIPS
22380,"Flagstaff, AZ",22380,"Flagstaff, AZ (Metropolitan Statistical Area)",exact_AREA_eq_GeoFIPS
22420,"Flint, MI",22420,"Flint, MI (Metropolitan Statistical Area)",exact_AREA_eq_GeoFIPS
22500,"Florence, SC",22500,"Florence, SC (Metropolitan Statistical Area)",exact_AREA_eq_GeoFIPS
22520,"Florence-Muscle Shoals, AL",22520,"Florence-Muscle Shoals, AL (Metropolitan Statistical Area)",exact_AREA_eq_GeoFIPS
22540,"Fond du Lac, WI",22540,"Fond du Lac, WI (Metropolitan Statistical Area)",exact_AREA_eq_GeoFIPS
22660,"Fort Collins-Loveland, CO",22660,"Fort Collins-Loveland, CO (Metropolitan Statistical Area)",exact_AREA_eq_GeoFIPS
22900,"Fort Smith, AR-OK",22900,"Fort Smith, AR-OK (Metropolitan Statistical Area)",exact_AREA_eq_GeoFIPS
23060,"Fort Wayne, IN",23060,"Fort Wayne, IN (Metropolitan Statistical Area)",exact_AREA_eq_GeoFIPS
23420,"Fresno, CA",23420,"Fresno, CA (Metropolitan Statistical Area)",exact_AREA_eq_GeoFIPS
23460,"Gadsden, AL",23460,"Gadsden, AL (Metropolitan Statistical Area)",exact_AREA_eq_GeoFIPS
23540,"Gainesville, FL",23540,"Gainesville, FL (Metropolitan Statistical Area)",exact_AREA_eq_GeoFIPS
23580,"Gainesville, GA",23580,"Gainesville, GA (Metropolitan Statistical Area)",exact_AREA_eq_GeoFIPS
23900,"Gettysburg, PA",23900,"Gettysburg, PA (Metropolitan Statistical Area)",exact_AREA_eq_GeoFIPS
24020,"Glens Falls, NY",24020,"Glens Falls, NY (Metropolitan Statistical Area)",exact_AREA_eq_GeoFIPS
24140,"Goldsboro, NC",24140,"Goldsboro, NC (Metropolitan Statistical Area)",exact_AREA_eq_GeoFIPS
24220,"Grand Forks, ND-MN",24220,"Grand Forks, ND-MN (Metropolitan Statistical Area)",exact_AREA_eq_GeoFIPS
24260,"Grand Island, NE",24260,"Grand Island, NE (Metropolitan Statistical Area)",exact_AREA_eq_GeoFIPS
24300,"Grand Junction, CO",24300,"Grand Junction, CO (Metropolitan Statistical Area)",exact_AREA_eq_GeoFIPS
24340,"Grand Rapids-Wyoming-Kentwood, MI",24340,"Grand Rapids-Wyoming-Kentwood, MI (Metropolitan Statistical Area)",exact_AREA_eq_GeoFIPS
24420,"Grants Pass, OR",24420,"Grants Pass, OR (Metropolitan Statistical Area)",exact_AREA_eq_GeoFIPS
24500,"Great Falls, MT",24500,"Great Falls, MT (Metropolitan Statistical Area)",exact_AREA_eq_GeoFIPS
24540,"Greeley, CO",24540,"Greeley, CO (Metropolitan Statistical Area)",exact_AREA_eq_GeoFIPS
24580,"Green Bay, WI",24580,"Green Bay, WI (Metropolitan Statistical Area)",exact_AREA_eq_GeoFIPS
24660,"Greensboro-High Point, NC",24660,"Greensboro-High Point, NC (Metropolitan Statistical Area)",exact_AREA_eq_GeoFIPS
24780,"Greenville, NC",24780,"Greenville, NC (Metropolitan Statistical Area)",exact_AREA_eq_GeoFIPS
24860,"Greenville-Anderson-Greer, SC",24860,"Greenville-Anderson-Greer, SC (Metropolitan Statistical Area)",exact_AREA_eq_GeoFIPS
25060,"Gulfport-Biloxi, MS",25060,"Gulfport-Biloxi, MS (Metropolitan Statistical Area)",exact_AREA_eq_GeoFIPS
25180,"Hagerstown-Martinsburg, MD-WV",25180,"Hagerstown-Martinsburg, MD-WV (Metropolitan Statistical Area)",exact_AREA_eq_GeoFIPS
25220,"Hammond, LA",25220,"Hammond, LA (Metropolitan Statistical Area)",exact_AREA_eq_GeoFIPS
25260,"Hanford-Corcoran, CA",25260,"Hanford-Corcoran, CA (Metropolitan Statistical Area)",exact_AREA_eq_GeoFIPS
25420,"Harrisburg-Carlisle, PA",25420,"Harrisburg-Carlisle, PA (Metropolitan Statistical Area)",exact_AREA_eq_GeoFIPS
25500,"Harrisonburg, VA",25500,"Harrisonburg, VA (Metropolitan Statistical Area)",exact_AREA_eq_GeoFIPS
25540,"Hartford-West Hartford-East Hartford, CT",25540,"Hartford-West Hartford-East Hartford, CT (Metropolitan Statistical Area)",exact_AREA_eq_GeoFIPS
25620,"Hattiesburg, MS",25620,"Hattiesburg, MS (Metropolitan Statistical Area)",exact_AREA_eq_GeoFIPS
25740,"Helena, MT",25740,"Helena, MT (Metropolitan Statistical Area)",exact_AREA_eq_GeoFIPS
25860,"Hickory-Lenoir-Morganton, NC",25860,"Hickory-Lenoir-Morganton, NC (Metropolitan Statistical Area)",exact_AREA_eq_GeoFIPS
25940,"Hilton Head Island-Bluffton-Port Royal, SC",25940,"Hilton Head Island-Bluffton-Port Royal, SC (Metropolitan Statistical Area)",exact_AREA_eq_GeoFIPS
25980,"Hinesville, GA",25980,"Hinesville, GA (Metropolitan Statistical Area)",exact_AREA_eq_GeoFIPS
26140,"Homosassa Springs, FL",26140,"Homosassa Springs, FL (Metropolitan Statistical Area)",exact_AREA_eq_GeoFIPS
26300,"Hot Springs, AR",26300,"Hot Springs, AR (Metropolitan Statistical Area)",exact_AREA_eq_GeoFIPS
26380,"Houma-Bayou Cane-Thibodaux, LA",26380,"Houma-Bayou Cane-Thibodaux, LA (Metropolitan Statistical Area)",exact_AREA_eq_GeoFIPS
26420,"Houston-Pasadena-The Woodlands, TX",26420,"Houston-Pasadena-The Woodlands, TX (Metropolitan Statistical Area)",exact_AREA_eq_GeoFIPS
26580,"Huntington-Ashland, WV-KY-OH",26580,"Huntington-Ashland, WV-KY-OH (Metropolitan Statistical Area)",exact_AREA_eq_GeoFIPS
26620,"Huntsville, AL",26620,"Huntsville, AL (Metropolitan Statistical Area)",exact_AREA_eq_GeoFIPS
26820,"Idaho Falls, ID",26820,"Idaho Falls, ID (Metropolitan Statistical Area)",exact_AREA_eq_GeoFIPS
26900,"Indianapolis-Carmel-Greenwood, IN",26900,"Indianapolis-Carmel-Greenwood, IN (Metropolitan Statistical Area)",exact_AREA_eq_GeoFIPS
26980,"Iowa City, IA",26980,"Iowa City, IA (Metropolitan Statistical Area)",exact_AREA_eq_GeoFIPS
27060,"Ithaca, NY",27060,"Ithaca, NY (Metropolitan Statistical Area)",exact_AREA_eq_GeoFIPS
27100,"Jackson, MI",27100,"Jackson, MI (Metropolitan Statistical Area)",exact_AREA_eq_GeoFIPS
27140,"Jackson, MS",27140,"Jackson, MS (Metropolitan Statistical Area)",exact_AREA_eq_GeoFIPS
27180,"Jackson, TN",27180,"Jackson, TN (Metropolitan Statistical Area)",exact_AREA_eq_GeoFIPS
27260,"Jacksonville, FL",27260,"Jacksonville, FL (Metropolitan Statistical Area)",exact_AREA_eq_GeoFIPS
27340,"Jacksonville, NC",27340,"Jacksonville, NC (Metropolitan Statistical Area)",exact_AREA_eq_GeoFIPS
27500,"Janesville-Beloit, WI",27500,"Janesville-Beloit, WI (Metropolitan Statistical Area)",exact_AREA_eq_GeoFIPS
27620,"Jefferson City, MO",27620,"Jefferson City, MO (Metropolitan Statistical Area)",exact_AREA_eq_GeoFIPS
27740,"Johnson City, TN",27740,"Johnson City, TN (Metropolitan Statistical Area)",exact_AREA_eq_GeoFIPS
27780,"Johnstown, PA",27780,"Johnstown, PA (Metropolitan Statistical Area)",exact_AREA_eq_GeoFIPS
27860,"Jonesboro, AR",27860,"Jonesboro, AR (Metropolitan Statistical Area)",exact_AREA_eq_GeoFIPS
27900,"Joplin, MO-KS",27900,"Joplin, MO-KS (Metropolitan Statistical Area)",exact_AREA_eq_GeoFIPS
27980,"Kahului-Wailuku, HI",27980,"Kahului-Wailuku, HI (Metropolitan Statistical Area)",exact_AREA_eq_GeoFIPS
28020,"Kalamazoo-Portage, MI",28020,"Kalamazoo-Portage, MI (Metropolitan Statistical Area)",exact_AREA_eq_GeoFIPS
28100,"Kankakee, IL",28100,"Kankakee, IL (Metropolitan Statistical Area)",exact_AREA_eq_GeoFIPS
28140,"Kansas City, MO-KS",28140,"Kansas City, MO-KS (Metropolitan Statistical Area)",exact_AREA_eq_GeoFIPS
28420,"Kennewick-Richland, WA",28420,"Kennewick-Richland, WA (Metropolitan Statistical Area)",exact_AREA_eq_GeoFIPS
28450,"Kenosha, WI",28450,"Kenosha, WI (Metropolitan Statistical Area)",exact_AREA_eq_GeoFIPS
28660,"Killeen-Temple, TX",28660,"Killeen-Temple, TX (Metropolitan Statistical Area)",exact_AREA_eq_GeoFIPS
28700,"Kingsport-Bristol, TN-VA",28700,"Kingsport-Bristol, TN-VA (Metropolitan Statistical Area)",exact_AREA_eq_GeoFIPS
28740,"Kingston, NY",28740,"Kingston, NY (Metropolitan Statistical Area)",exact_AREA_eq_GeoFIPS
28880,"Kiryas Joel-Poughkeepsie-Newburgh, NY",28880,"Kiryas Joel-Poughkeepsie-Newburgh, NY (Metropolitan Statistical Area)",exact_AREA_eq_GeoFIPS
28940,"Knoxville, TN",28940,"Knoxville, TN (Metropolitan Statistical Area)",exact_AREA_eq_GeoFIPS
29020,"Kokomo, IN",29020,"Kokomo, IN (Metropolitan Statistical Area)",exact_AREA_eq_GeoFIPS
29100,"La Crosse-Onalaska, WI-MN",29100,"La Crosse-Onalaska, WI-MN (Metropolitan Statistical Area)",exact_AREA_eq_GeoFIPS
29180,"Lafayette, LA",29180,"Lafayette, LA (Metropolitan Statistical Area)",exact_AREA_eq_GeoFIPS
29200,"Lafayette-West Lafayette, IN",29200,"Lafayette-West Lafayette, IN (Metropolitan Statistical Area)",exact_AREA_eq_GeoFIPS
29340,"Lake Charles, LA",29340,"Lake Charles, LA (Metropolitan Statistical Area)",exact_AREA_eq_GeoFIPS
29420,"Lake Havasu City-Kingman, AZ",29420,"Lake Havasu City-Kingman, AZ (Metropolitan Statistical Area)",exact_AREA_eq_GeoFIPS
29460,"Lakeland-Winter Haven, FL",29460,"Lakeland-Winter Haven, FL (Metropolitan Statistical Area)",exact_AREA_eq_GeoFIPS
29540,"Lancaster, PA",29540,"Lancaster, PA (Metropolitan Statistical Area)",exact_AREA_eq_GeoFIPS
29620,"Lansing-East Lansing, MI",29620,"Lansing-East Lansing, MI (Metropolitan Statistical Area)",exact_AREA_eq_GeoFIPS
29700,"Laredo, TX",29700,"Laredo, TX (Metropolitan Statistical Area)",exact_AREA_eq_GeoFIPS
29740,"Las Cruces, NM",29740,"Las Cruces, NM (Metropolitan Statistical Area)",exact_AREA_eq_GeoFIPS
29820,"Las Vegas-Henderson-North Las Vegas, NV",29820,"Las Vegas-Henderson-North Las Vegas, NV (Metropolitan Statistical Area)",exact_AREA_eq_GeoFIPS
29940,"Lawrence, KS",29940,"Lawrence, KS (Metropolitan Statistical Area)",exact_AREA_eq_GeoFIPS
30020,"Lawton, OK",30020,"Lawton, OK (Metropolitan Statistical Area)",exact_AREA_eq_GeoFIPS
30140,"Lebanon, PA",30140,"Lebanon, PA (Metropolitan Statistical Area)",exact_AREA_eq_GeoFIPS
30300,"Lewiston, ID-WA",30300,"Lewiston, ID-WA (Metropolitan Statistical Area)",exact_AREA_eq_GeoFIPS
30340,"Lewiston-Auburn, ME",30340,"Lewiston-Auburn, ME (Metropolitan Statistical Area)",exact_AREA_eq_GeoFIPS
30460,"Lexington-Fayette, KY",30460,"Lexington-Fayette, KY (Metropolitan Statistical Area)",exact_AREA_eq_GeoFIPS
30500,"Lexington Park, MD",30500,"Lexington Park, MD (Metropolitan Statistical Area)",exact_AREA_eq_GeoFIPS
30620,"Lima, OH",30620,"Lima, OH (Metropolitan Statistical Area)",exact_AREA_eq_GeoFIPS
30700,"Lincoln, NE",30700,"Lincoln, NE (Metropolitan Statistical Area)",exact_AREA_eq_GeoFIPS
30780,"Little Rock-North Little Rock-Conway, AR",30780,"Little Rock-North Little Rock-Conway, AR (Metropolitan Statistical Area)",exact_AREA_eq_GeoFIPS
30860,"Logan, UT-ID",30860,"Logan, UT-ID (Metropolitan Statistical Area)",exact_AREA_eq_GeoFIPS
30980,"Longview, TX",30980,"Longview, TX (Metropolitan Statistical Area)",exact_AREA_eq_GeoFIPS
31020,"Longview-Kelso, WA",31020,"Longview-Kelso, WA (Metropolitan Statistical Area)",exact_AREA_eq_GeoFIPS
31080,"Los Angeles-Long Beach-Anaheim, CA",31080,"Los Angeles-Long Beach-Anaheim, CA (Metropolitan Statistical Area)",exact_AREA_eq_GeoFIPS
31140,"Louisville/Jefferson County, KY-IN",31140,"Louisville/Jefferson County, KY-IN (Metropolitan Statistical Area)",exact_AREA_eq_GeoFIPS
31180,"Lubbock, TX",31180,"Lubbock, TX (Metropolitan Statistical Area)",exact_AREA_eq_GeoFIPS
31340,"Lynchburg, VA",31340,"Lynchburg, VA (Metropolitan Statistical Area)",exact_AREA_eq_GeoFIPS
31420,"Macon-Bibb County, GA",31420,"Macon-Bibb County, GA (Metropolitan Statistical Area)",exact_AREA_eq_GeoFIPS
31540,"Madison, WI",31540,"Madison, WI (Metropolitan Statistical Area)",exact_AREA_eq_GeoFIPS
31700,"Manchester-Nashua, NH",31700,"Manchester-Nashua, NH (Metropolitan Statistical Area)",exact_AREA_eq_GeoFIPS
31740,"Manhattan, KS",31740,"Manhattan, KS (Metropolitan Statistical Area)",exact_AREA_eq_GeoFIPS
31860,"Mankato, MN",31860,"Mankato, MN (Metropolitan Statistical Area)",exact_AREA_eq_GeoFIPS
31900,"Mansfield, OH",31900,"Mansfield, OH (Metropolitan Statistical Area)",exact_AREA_eq_GeoFIPS
32580,"McAllen-Edinburg-Mission, TX",32580,"McAllen-Edinburg-Mission, TX (Metropolitan Statistical Area)",exact_AREA_eq_GeoFIPS
32780,"Medford, OR",32780,"Medford, OR (Metropolitan Statistical Area)",exact_AREA_eq_GeoFIPS
32820,"Memphis, TN-MS-AR",32820,"Memphis, TN-MS-AR (Metropolitan Statistical Area)",exact_AREA_eq_GeoFIPS
32900,"Merced, CA",32900,"Merced, CA (Metropolitan Statistical Area)",exact_AREA_eq_GeoFIPS
33100,"Miami-Fort Lauderdale-West Palm Beach, FL",33100,"Miami-Fort Lauderdale-West Palm Beach, FL (Metropolitan Statistical Area)",exact_AREA_eq_GeoFIPS
33140,"Michigan City-La Porte, IN",33140,"Michigan City-La Porte, IN (Metropolitan Statistical Area)",exact_AREA_eq_GeoFIPS
33220,"Midland, MI",33220,"Midland, MI (Metropolitan Statistical Area)",exact_AREA_eq_GeoFIPS
33260,"Midland, TX",33260,"Midland, TX (Metropolitan Statistical Area)",exact_AREA_eq_GeoFIPS
33340,"Milwaukee-Waukesha, WI",33340,"Milwaukee-Waukesha, WI (Metropolitan Statistical Area)",exact_AREA_eq_GeoFIPS
33460,"Minneapolis-St. Paul-Bloomington, MN-WI",33460,"Minneapolis-St. Paul-Bloomington, MN-WI (Metropolitan Statistical Area)",exact_AREA_eq_GeoFIPS
33500,"Minot, ND",33500,"Minot, ND (Metropolitan Statistical Area)",exact_AREA_eq_GeoFIPS
33540,"Missoula, MT",33540,"Missoula, MT (Metropolitan Statistical Area)",exact_AREA_eq_GeoFIPS
33660,"Mobile, AL",33660,"Mobile, AL (Metropolitan Statistical Area)",exact_AREA_eq_GeoFIPS
33700,"Modesto, CA",33700,"Modesto, CA (Metropolitan Statistical Area)",exact_AREA_eq_GeoFIPS
33740,"Monroe, LA",33740,"Monroe, LA (Metropolitan Statistical Area)",exact_AREA_eq_GeoFIPS
33780,"Monroe, MI",33780,"Monroe, MI (Metropolitan Statistical Area)",exact_AREA_eq_GeoFIPS
33860,"Montgomery, AL",33860,"Montgomery, AL (Metropolitan Statistical Area)",exact_AREA_eq_GeoFIPS
34060,"Morgantown, WV",34060,"Morgantown, WV (Metropolitan Statistical Area)",exact_AREA_eq_GeoFIPS
34100,"Morristown, TN",34100,"Morristown, TN (Metropolitan Statistical Area)",exact_AREA_eq_GeoFIPS
34580,"Mount Vernon-Anacortes, WA",34580,"Mount Vernon-Anacortes, WA (Metropolitan Statistical Area)",exact_AREA_eq_GeoFIPS
34620,"Muncie, IN",34620,"Muncie, IN (Metropolitan Statistical Area)",exact_AREA_eq_GeoFIPS
34740,"Muskegon-Norton Shores, MI",34740,"Muskegon-Norton Shores, MI (Metropolitan Statistical Area)",exact_AREA_eq_GeoFIPS
34820,"Myrtle Beach-Conway-North Myrtle Beach, SC",34820,"Myrtle Beach-Conway-North Myrtle Beach, SC (Metropolitan Statistical Area)",exact_AREA_eq_GeoFIPS
34900,"Napa, CA",34900,"Napa, CA (Metropolitan Statistical Area)",exact_AREA_eq_GeoFIPS
34940,"Naples-Marco Island, FL",34940,"Naples-Marco Island, FL (Metropolitan Statistical Area)",exact_AREA_eq_GeoFIPS
34980,"Nashville-Davidson--Murfreesboro--Franklin, TN",34980,"Nashville-Davidson--Murfreesboro--Franklin, TN (Metropolitan Statistical Area)",exact_AREA_eq_GeoFIPS
35300,"New Haven, CT",35300,"New Haven, CT (Metropolitan Statistical Area)",exact_AREA_eq_GeoFIPS
35380,"New Orleans-Metairie, LA",35380,"New Orleans-Metairie, LA (Metropolitan Statistical Area)",exact_AREA_eq_GeoFIPS
35620,"New York-Newark-Jersey City, NY-NJ",35620,"New York-Newark-Jersey City, NY-NJ (Metropolitan Statistical Area)",exact_AREA_eq_GeoFIPS
35660,"Niles, MI",35660,"Niles, MI (Metropolitan Statistical Area)",exact_AREA_eq_GeoFIPS
35840,"North Port-Bradenton-Sarasota, FL",35840,"North Port-Bradenton-Sarasota, FL (Metropolitan Statistical Area)",exact_AREA_eq_GeoFIPS
35980,"Norwich-New London-Willimantic, CT",35980,"Norwich-New London-Willimantic, CT (Metropolitan Statistical Area)",exact_AREA_eq_GeoFIPS
36100,"Ocala, FL",36100,"Ocala, FL (Metropolitan Statistical Area)",exact_AREA_eq_GeoFIPS
36220,"Odessa, TX",36220,"Odessa, TX (Metropolitan Statistical Area)",exact_AREA_eq_GeoFIPS
36260,"Ogden, UT",36260,"Ogden, UT (Metropolitan Statistical Area)",exact_AREA_eq_GeoFIPS
36420,"Oklahoma City, OK",36420,"Oklahoma City, OK (Metropolitan Statistical Area)",exact_AREA_eq_GeoFIPS
36500,"Olympia-Lacey-Tumwater, WA",36500,"Olympia-Lacey-Tumwater, WA (Metropolitan Statistical Area)",exact_AREA_eq_GeoFIPS
36540,"Omaha, NE-IA",36540,"Omaha, NE-IA (Metropolitan Statistical Area)",exact_AREA_eq_GeoFIPS
36740,"Orlando-Kissimmee-Sanford, FL",36740,"Orlando-Kissimmee-Sanford, FL (Metropolitan Statistical Area)",exact_AREA_eq_GeoFIPS
36780,"Oshkosh-Neenah, WI",36780,"Oshkosh-Neenah, WI (Metropolitan Statistical Area)",exact_AREA_eq_GeoFIPS
36980,"Owensboro, KY",36980,"Owensboro, KY (Metropolitan Statistical Area)",exact_AREA_eq_GeoFIPS
37100,"Oxnard-Thousand Oaks-Ventura, CA",37100,"Oxnard-Thousand Oaks-Ventura, CA (Metropolitan Statistical Area)",exact_AREA_eq_GeoFIPS
37140,"Paducah, KY-IL",37140,"Paducah, KY-IL (Metropolitan Statistical Area)",exact_AREA_eq_GeoFIPS
37340,"Palm Bay-Melbourne-Titusville, FL",37340,"Palm Bay-Melbourne-Titusville, FL (Metropolitan Statistical Area)",exact_AREA_eq_GeoFIPS
37460,"Panama City-Panama City Beach, FL",37460,"Panama City-Panama City Beach, FL (Metropolitan Statistical Area)",exact_AREA_eq_GeoFIPS
37620,"Parkersburg-Vienna, WV",37620,"Parkersburg-Vienna, WV (Metropolitan Statistical Area)",exact_AREA_eq_GeoFIPS
37860,"Pensacola-Ferry Pass-Brent, FL",37860,"Pensacola-Ferry Pass-Brent, FL (Metropolitan Statistical Area)",exact_AREA_eq_GeoFIPS
37900,"Peoria, IL",37900,"Peoria, IL (Metropolitan Statistical Area)",exact_AREA_eq_GeoFIPS
37980,"Philadelphia-Camden-Wilmington, PA-NJ-DE-MD",37980,"Philadelphia-Camden-Wilmington, PA-NJ-DE-MD (Metropolitan Statistical Area)",exact_AREA_eq_GeoFIPS
38060,"Phoenix-Mesa-Chandler, AZ",38060,"Phoenix-Mesa-Chandler, AZ (Metropolitan Statistical Area)",exact_AREA_eq_GeoFIPS
38240,"Pinehurst-Southern Pines, NC",38240,"Pinehurst-Southern Pines, NC (Metropolitan Statistical Area)",exact_AREA_eq_GeoFIPS
38300,"Pittsburgh, PA",38300,"Pittsburgh, PA (Metropolitan Statistical Area)",exact_AREA_eq_GeoFIPS
38340,"Pittsfield, MA",38340,"Pittsfield, MA (Metropolitan Statistical Area)",exact_AREA_eq_GeoFIPS
38540,"Pocatello, ID",38540,"Pocatello, ID (Metropolitan Statistical Area)",exact_AREA_eq_GeoFIPS
38860,"Portland-South Portland, ME",38860,"Portland-South Portland, ME (Metropolitan Statistical Area)",exact_AREA_eq_GeoFIPS
38900,"Portland-Vancouver-Hillsboro, OR-WA",38900,"Portland-Vancouver-Hillsboro, OR-WA (Metropolitan Statistical Area)",exact_AREA_eq_GeoFIPS
38940,"Port St. Lucie, FL",38940,"Port St. Lucie, FL (Metropolitan Statistical Area)",exact_AREA_eq_GeoFIPS
39150,"Prescott Valley-Prescott, AZ",39150,"Prescott Valley-Prescott, AZ (Metropolitan Statistical Area)",exact_AREA_eq_GeoFIPS
39300,"Providence-Warwick, RI-MA",39300,"Providence-Warwick, RI-MA (Metropolitan Statistical Area)",exact_AREA_eq_GeoFIPS
39340,"Provo-Orem-Lehi, UT",39340,"Provo-Orem-Lehi, UT (Metropolitan Statistical Area)",exact_AREA_eq_GeoFIPS
39380,"Pueblo, CO",39380,"Pueblo, CO (Metropolitan Statistical Area)",exact_AREA_eq_GeoFIPS
39460,"Punta Gorda, FL",39460,"Punta Gorda, FL (Metropolitan Statistical Area)",exact_AREA_eq_GeoFIPS
39540,"Racine-Mount Pleasant, WI",39540,"Racine-Mount Pleasant, WI (Metropolitan Statistical Area)",exact_AREA_eq_GeoFIPS
39580,"Raleigh-Cary, NC",39580,"Raleigh-Cary, NC (Metropolitan Statistical Area)",exact_AREA_eq_GeoFIPS
39660,"Rapid City, SD",39660,"Rapid City, SD (Metropolitan Statistical Area)",exact_AREA_eq_GeoFIPS
39740,"Reading, PA",39740,"Reading, PA (Metropolitan Statistical Area)",exact_AREA_eq_GeoFIPS
39820,"Redding, CA",39820,"Redding, CA (Metropolitan Statistical Area)",exact_AREA_eq_GeoFIPS
39900,"Reno, NV",39900,"Reno, NV (Metropolitan Statistical Area)",exact_AREA_eq_GeoFIPS
40060,"Richmond, VA",40060,"Richmond, VA (Metropolitan Statistical Area)",exact_AREA_eq_GeoFIPS
40140,"Riverside-San Bernardino-Ontario, CA",40140,"Riverside-San Bernardino-Ontario, CA (Metropolitan Statistical Area)",exact_AREA_eq_GeoFIPS
40220,"Roanoke, VA",40220,"Roanoke, VA (Metropolitan Statistical Area)",exact_AREA_eq_GeoFIPS
40340,"Rochester, MN",40340,"Rochester, MN (Metropolitan Statistical Area)",exact_AREA_eq_GeoFIPS
40380,"Rochester, NY",40380,"Rochester, NY (Metropolitan Statistical Area)",exact_AREA_eq_GeoFIPS
40420,"Rockford, IL",40420,"Rockford, IL (Metropolitan Statistical Area)",exact_AREA_eq_GeoFIPS
40580,"Rocky Mount, NC",40580,"Rocky Mount, NC (Metropolitan Statistical Area)",exact_AREA_eq_GeoFIPS
40660,"Rome, GA",40660,"Rome, GA (Metropolitan Statistical Area)",exact_AREA_eq_GeoFIPS
40900,"Sacramento-Roseville-Folsom, CA",40900,"Sacramento-Roseville-Folsom, CA (Metropolitan Statistical Area)",exact_AREA_eq_GeoFIPS
40980,"Saginaw, MI",40980,"Saginaw, MI (Metropolitan Statistical Area)",exact_AREA_eq_GeoFIPS
41060,"St. Cloud, MN",41060,"St. Cloud, MN (Metropolitan Statistical Area)",exact_AREA_eq_GeoFIPS
41100,"St. George, UT",41100,"St. George, UT (Metropolitan Statistical Area)",exact_AREA_eq_GeoFIPS
41140,"St. Joseph, MO-KS",41140,"St. Joseph, MO-KS (Metropolitan Statistical Area)",exact_AREA_eq_GeoFIPS
41180,"St. Louis, MO-IL",41180,"St. Louis, MO-IL (Metropolitan Statistical Area)",exact_AREA_eq_GeoFIPS
41420,"Salem, OR",41420,"Salem, OR (Metropolitan Statistical Area)",exact_AREA_eq_GeoFIPS
41500,"Salinas, CA",41500,"Salinas, CA (Metropolitan Statistical Area)",exact_AREA_eq_GeoFIPS
41540,"Salisbury, MD",41540,"Salisbury, MD (Metropolitan Statistical Area)",exact_AREA_eq_GeoFIPS
41620,"Salt Lake City-Murray, UT",41620,"Salt Lake City-Murray, UT (Metropolitan Statistical Area)",exact_AREA_eq_GeoFIPS
41660,"San Angelo, TX",41660,"San Angelo, TX (Metropolitan Statistical Area)",exact_AREA_eq_GeoFIPS
41700,"San Antonio-New Braunfels, TX",41700,"San Antonio-New Braunfels, TX (Metropolitan Statistical Area)",exact_AREA_eq_GeoFIPS
41740,"San Diego-Chula Vista-Carlsbad, CA",41740,"San Diego-Chula Vista-Carlsbad, CA (Metropolitan Statistical Area)",exact_AREA_eq_GeoFIPS
41780,"Sandusky, OH",41780,"Sandusky, OH (Metropolitan Statistical Area)",exact_AREA_eq_GeoFIPS
41860,"San Francisco-Oakland-Fremont, CA",41860,"San Francisco-Oakland-Fremont, CA (Metropolitan Statistical Area)",exact_AREA_eq_GeoFIPS
41940,"San Jose-Sunnyvale-Santa Clara, CA",41940,"San Jose-Sunnyvale-Santa Clara, CA (Metropolitan Statistical Area)",exact_AREA_eq_GeoFIPS
42020,"San Luis Obispo-Paso Robles, CA",42020,"San Luis Obispo-Paso Robles, CA (Metropolitan Statistical Area)",exact_AREA_eq_GeoFIPS
42100,"Santa Cruz-Watsonville, CA",42100,"Santa Cruz-Watsonville, CA (Metropolitan Statistical Area)",exact_AREA_eq_GeoFIPS
42140,"Santa Fe, NM",42140,"Santa Fe, NM (Metropolitan Statistical Area)",exact_AREA_eq_GeoFIPS
42200,"Santa Maria-Santa Barbara, CA",42200,"Santa Maria-Santa Barbara, CA (Metropolitan Statistical Area)",exact_AREA_eq_GeoFIPS
42220,"Santa Rosa-Petaluma, CA",42220,"Santa Rosa-Petaluma, CA (Metropolitan Statistical Area)",exact_AREA_eq_GeoFIPS
42340,"Savannah, GA",42340,"Savannah, GA (Metropolitan Statistical Area)",exact_AREA_eq_GeoFIPS
42540,"Scranton--Wilkes-Barre, PA",42540,"Scranton--Wilkes-Barre, PA (Metropolitan Statistical Area)",exact_AREA_eq_GeoFIPS
42660,"Seattle-Tacoma-Bellevue, WA",42660,"Seattle-Tacoma-Bellevue, WA (Metropolitan Statistical Area)",exact_AREA_eq_GeoFIPS
42680,"Sebastian-Vero Beach-West Vero Corridor, FL",42680,"Sebastian-Vero Beach-West Vero Corridor, FL (Metropolitan Statistical Area)",exact_AREA_eq_GeoFIPS
42700,"Sebring, FL",42700,"Sebring, FL (Metropolitan Statistical Area)",exact_AREA_eq_GeoFIPS
43100,"Sheboygan, WI",43100,"Sheboygan, WI (Metropolitan Statistical Area)",exact_AREA_eq_GeoFIPS
43300,"Sherman-Denison, TX",43300,"Sherman-Denison, TX (Metropolitan Statistical Area)",exact_AREA_eq_GeoFIPS
43340,"Shreveport-Bossier City, LA",43340,"Shreveport-Bossier City, LA (Metropolitan Statistical Area)",exact_AREA_eq_GeoFIPS
43420,"Sierra Vista-Douglas, AZ",43420,"Sierra Vista-Douglas, AZ (Metropolitan Statistical Area)",exact_AREA_eq_GeoFIPS
43580,"Sioux City, IA-NE-SD",43580,"Sioux City, IA-NE-SD (Metropolitan Statistical Area)",exact_AREA_eq_GeoFIPS
43620,"Sioux Falls, SD-MN",43620,"Sioux Falls, SD-MN (Metropolitan Statistical Area)",exact_AREA_eq_GeoFIPS
43640,"Slidell-Mandeville-Covington, LA",43640,"Slidell-Mandeville-Covington, LA (Metropolitan Statistical Area)",exact_AREA_eq_GeoFIPS
43780,"South Bend-Mishawaka, IN-MI",43780,"South Bend-Mishawaka, IN-MI (Metropolitan Statistical Area)",exact_AREA_eq_GeoFIPS
43900,"Spartanburg, SC",43900,"Spartanburg, SC (Metropolitan Statistical Area)",exact_AREA_eq_GeoFIPS
44060,"Spokane-Spokane Valley, WA",44060,"Spokane-Spokane Valley, WA (Metropolitan Statistical Area)",exact_AREA_eq_GeoFIPS
44100,"Springfield, IL",44100,"Springfield, IL (Metropolitan Statistical Area)",exact_AREA_eq_GeoFIPS
44140,"Springfield, MA",44140,"Springfield, MA (Metropolitan Statistical Area)",exact_AREA_eq_GeoFIPS
44180,"Springfield, MO",44180,"Springfield, MO (Metropolitan Statistical Area)",exact_AREA_eq_GeoFIPS
44220,"Springfield, OH",44220,"Springfield, OH (Metropolitan Statistical Area)",exact_AREA_eq_GeoFIPS
44300,"State College, PA",44300,"State College, PA (Metropolitan Statistical Area)",exact_AREA_eq_GeoFIPS
44420,"Staunton-Stuarts Draft, VA",44420,"Staunton-Stuarts Draft, VA (Metropolitan Statistical Area)",exact_AREA_eq_GeoFIPS
44700,"Stockton-Lodi, CA",44700,"Stockton-Lodi, CA (Metropolitan Statistical Area)",exact_AREA_eq_GeoFIPS
44940,"Sumter, SC",44940,"Sumter, SC (Metropolitan Statistical Area)",exact_AREA_eq_GeoFIPS
45060,"Syracuse, NY",45060,"Syracuse, NY (Metropolitan Statistical Area)",exact_AREA_eq_GeoFIPS
45220,"Tallahassee, FL",45220,"Tallahassee, FL (Metropolitan Statistical Area)",exact_AREA_eq_GeoFIPS
45300,"Tampa-St. Petersburg-Clearwater, FL",45300,"Tampa-St. Petersburg-Clearwater, FL (Metropolitan Statistical Area)",exact_AREA_eq_GeoFIPS
45460,"Terre Haute, IN",45460,"Terre Haute, IN (Metropolitan Statistical Area)",exact_AREA_eq_GeoFIPS
45500,"Texarkana, TX-AR",45500,"Texarkana, TX-AR (Metropolitan Statistical Area)",exact_AREA_eq_GeoFIPS
45780,"Toledo, OH",45780,"Toledo, OH (Metropolitan Statistical Area)",exact_AREA_eq_GeoFIPS
45820,"Topeka, KS",45820,"Topeka, KS (Metropolitan Statistical Area)",exact_AREA_eq_GeoFIPS
45900,"Traverse City, MI",45900,"Traverse City, MI (Metropolitan Statistical Area)",exact_AREA_eq_GeoFIPS
45940,"Trenton-Princeton, NJ",45940,"Trenton-Princeton, NJ (Metropolitan Statistical Area)",exact_AREA_eq_GeoFIPS
46060,"Tucson, AZ",46060,"Tucson, AZ (Metropolitan Statistical Area)",exact_AREA_eq_GeoFIPS
46140,"Tulsa, OK",46140,"Tulsa, OK (Metropolitan Statistical Area)",exact_AREA_eq_GeoFIPS
46220,"Tuscaloosa, AL",46220,"Tuscaloosa, AL (Metropolitan Statistical Area)",exact_AREA_eq_GeoFIPS
46300,"Twin Falls, ID",46300,"Twin Falls, ID (Metropolitan Statistical Area) *",exact_AREA_eq_GeoFIPS
46340,"Tyler, TX",46340,"Tyler, TX (Metropolitan Statistical Area)",exact_AREA_eq_GeoFIPS
46520,"Urban Honolulu, HI",46520,"Urban Honolulu, HI (Metropolitan Statistical Area)",exact_AREA_eq_GeoFIPS
46540,"Utica-Rome, NY",46540,"Utica-Rome, NY (Metropolitan Statistical Area)",exact_AREA_eq_GeoFIPS
46660,"Valdosta, GA",46660,"Valdosta, GA (Metropolitan Statistical Area)",exact_AREA_eq_GeoFIPS
46700,"Vallejo, CA",46700,"Vallejo, CA (Metropolitan Statistical Area)",exact_AREA_eq_GeoFIPS
47020,"Victoria, TX",47020,"Victoria, TX (Metropolitan Statistical Area)",exact_AREA_eq_GeoFIPS
47220,"Vineland, NJ",47220,"Vineland, NJ (Metropolitan Statistical Area)",exact_AREA_eq_GeoFIPS
47260,"Virginia Beach-Chesapeake-Norfolk, VA-NC",47260,"Virginia Beach-Chesapeake-Norfolk, VA-NC (Metropolitan Statistical Area)",exact_AREA_eq_GeoFIPS
47300,"Visalia, CA",47300,"Visalia, CA (Metropolitan Statistical Area)",exact_AREA_eq_GeoFIPS
47380,"Waco, TX",47380,"Waco, TX (Metropolitan Statistical Area)",exact_AREA_eq_GeoFIPS
47460,"Walla Walla, WA",47460,"Walla Walla, WA (Metropolitan Statistical Area)",exact_AREA_eq_GeoFIPS
47580,"Warner Robins, GA",47580,"Warner Robins, GA (Metropolitan Statistical Area)",exact_AREA_eq_GeoFIPS
47900,"Washington-Arlington-Alexandria, DC-VA-MD-WV",47900,"Washington-Arlington-Alexandria, DC-VA-MD-WV (Metropolitan Statistical Area)",exact_AREA_eq_GeoFIPS
47930,"Waterbury-Shelton, CT",47930,"Waterbury-Shelton, CT (Metropolitan Statistical Area)",exact_AREA_eq_GeoFIPS
47940,"Waterloo-Cedar Falls, IA",47940,"Waterloo-Cedar Falls, IA (Metropolitan Statistical Area)",exact_AREA_eq_GeoFIPS
48060,"Watertown-Fort Drum, NY",48060,"Watertown-Fort Drum, NY (Metropolitan Statistical Area)",exact_AREA_eq_GeoFIPS
48140,"Wausau, WI",48140,"Wausau, WI (Metropolitan Statistical Area)",exact_AREA_eq_GeoFIPS
48260,"Weirton-Steubenville, WV-OH",48260,"Weirton-Steubenville, WV-OH (Metropolitan Statistical Area)",exact_AREA_eq_GeoFIPS
48300,"Wenatchee-East Wenatchee, WA",48300,"Wenatchee-East Wenatchee, WA (Metropolitan Statistical Area)",exact_AREA_eq_GeoFIPS
48540,"Wheeling, WV-OH",48540,"Wheeling, WV-OH (Metropolitan Statistical Area)",exact_AREA_eq_GeoFIPS
48620,"Wichita, KS",48620,"Wichita, KS (Metropolitan Statistical Area)",exact_AREA_eq_GeoFIPS
48660,"Wichita Falls, TX",48660,"Wichita Falls, TX (Metropolitan Statistical Area)",exact_AREA_eq_GeoFIPS
48680,"Wildwood-The Villages, FL",48680,"Wildwood-The Villages, FL (Metropolitan Statistical Area)",exact_AREA_eq_GeoFIPS
48700,"Williamsport, PA",48700,"Williamsport, PA (Metropolitan Statistical Area)",exact_AREA_eq_GeoFIPS
48900,"Wilmington, NC",48900,"Wilmington, NC (Metropolitan Statistical Area)",exact_AREA_eq_GeoFIPS
49020,"Winchester, VA-WV",49020,"Winchester, VA-WV (Metropolitan Statistical Area)",exact_AREA_eq_GeoFIPS
49180,"Winston-Salem, NC",49180,"Winston-Salem, NC (Metropolitan Statistical Area)",exact_AREA_eq_GeoFIPS
49340,"Worcester, MA",49340,"Worcester, MA (Metropolitan Statistical Area)",exact_AREA_eq_GeoFIPS
49420,"Yakima, WA",49420,"Yakima, WA (Metropolitan Statistical Area)",exact_AREA_eq_GeoFIPS
49620,"York-Hanover, PA",49620,"York-Hanover, PA (Metropolitan Statistical Area)",exact_AREA_eq_GeoFIPS
49660,"Youngstown-Warren, OH",49660,"Youngstown-Warren, OH (Metropolitan Statistical Area)",exact_AREA_eq_GeoFIPS
49700,"Yuba City, CA",49700,"Yuba City, CA (Metropolitan Statistical Area)",exact_AREA_eq_GeoFIPS
49740,"Yuma, AZ",49740,"Yuma, AZ (Metropolitan Statistical Area)",exact_AREA_eq_GeoFIPS
